S.NO,Hindi Poetry,English Poetry
1,पवित्र जिसकी कामना,Holy whose desire
,उसका अतुल्य मोल है,His incredible marvellous valuation is
,अर्पण हुए जो प्रेम से,"contribution  occurred Who affection From


"
,वह दान भी अनमोल है ।,This gift is also invaluable..
,चित्त हर्ष से दिए दान से,Depiction with delight and charity
,स्वच्छंद हो ये आत्मा,delight and be this soul
,बङभाग उसके हैं,they escaped.
,बहुत जिसको मिला परमात्मा ।,I have received much from God..
,इच्छाएं पनपे मन में,wishes are read in the mind.
,दिए दान का जो बखान हो,Which portrays the gift given underneath
,फिर मिलेगा फल कहाँ,So where are the fruits?
,व्यर्थ ही सब काम हो ।,Otherwise everything works.
,दान वही साकार है,charity is genuine
,जिसमें अहम का नाश हो,where the ego is destroyed
,छल-कपट न हो,there is no deception
,जहाँ चित्त प्रेम का ही दास हो ।,where the mind is the slave of love..
2,सदियों की ठण्डी-बुझी राख सुगबुगा उठी,"Numb ash from ancient era, Awakened in igneous flames"
,मिट्टी सोने का ताज पहन इठलाती है,Soil flaunting a golden crown
,"दो राह, समय के रथ का घर्घर-नाद सुनो",Time is altering massively
,सिंहासन खाली करो कि जनता आती है,Abandon the throne as public is leading
,"जनता ? हाँ, मिट्टी की अबोध मूरतें वही","Yes, public thy poor folks, innocent stars of soil"
,जाड़े-पाले की कसक सदा सहनेवाली,Hallmark of tolerance and serenity
,जब अँग-अँग में लगे साँप हो चूस रहे,Though fenced by serpents biting brutally
,तब भी न कभी मुँह खोल दर्द कहनेवाली,Even then calm irrespective of severe pain
3,"नन्हा सपना, आँखों में पलता,","little dream, grows in the eye"
,के कोने में चुपचाप चलता।,silently moves in the corner of heart .
,"पंख फैलाए, उड़ान की चाह,","spreading the wings ,with the wish to fly,"
,"आसमान में, पाना है राह।",finding its path in the sky .
,"नन्हा सपना, सच्चा करना।""",to fulfill the little dream
4,कोशिश करने वालों की कभी हार नहीं होती,Those who try never fail
,"लहरों से डर कर नौका पार नहीं होती,",A boat afraid of the waves never reaches the river bank
,कोशिश करने वालों की कभी हार नहीं होती।,Those who try never fail.
,"नन्हीं चींटी जब दाना लेकर चलती है,","When a tiny ant carries a grain,"
,"चढ़ती दीवारों पर, सौ बार फिसलती है।","It climbs the walls, slips a hundred times."
,"मन का विश्वास रगों में साहस भरता है,","The belief in the heart fills the veins with courage,"
,"चढ़कर गिरना, गिरकर चढ़ना न अखरता है।","Climbing and falling, falling and climbing, it does not bother."
,"अखिर उसकी मेहनत बेकार नहीं होती,","In the end, the hard work is never wasted,"
,कोशिश करने वालों की कभी हार नहीं होती।,Those who try never fail
5,गिरना भी अच्छा है,Falling is good too
,औकात का पता चलता है…,Because it's shows your true worth
,बढ़ते हैं जब हाथ उठाने को…,When your hand reaches for help
,अपनों का पता चलता है!,Our loved ones are revealed
,जिन्हें गुस्सा आता है,Those who get angry 
,वे लोग सच्चे होते है,Are the truthful ones
,मैंने झूठों को अक्सर,I have often seen liars 
,मुस्कुराते हुए देखा है,with smiles on their faces
,सिख रहा हूँ अब मैं भी इंसानों को पढ़ने का हुनर,"Now I am learning too, how to read people."
,सुना है चेहरे पे किताबों से ज्यादा लिखा होता है.,I have heard the faces have more written then the book 
6,"चाँद से मैंने एक बात कही,","I said one thing to the moon,"
,"मेरे सपनों का साथी हो तुम,","you are the companion of my dreams ,"
,"रात की चाँदनी में भीख माँगते,","even in the moonlight of the night,"
,सपनों की चमक हो तुम।,you're the glow of my dreams.
,"चाँदनी रात में जब भी देखूँ,","Whenever i see you in the night,"
,"सपनों की छाँव में बैठूँ,","sitting in the shade of dreams,"
,"सपनों का प्यारा साथी हो तुम,",you are the lovely companion of dreams
,"चाँद से कहूँ, सच्चा हो तुम","I say to the moon, you are true."
7,मंजिल मिले ना मिले,Whether we reach our destination or not
,ये तो मुखदर की बात है।,It is a matter of fate.
,"हम कोशिश भी ना करें , ये तो गलत बात है…","It is wrong if we are not even trying
"
,"जख्मों से भरी है,","It is full of wounds,"
,"वक्त को लेते हुए सीख लो,","Take time and learn ,"
,"हारना तो है एक दिन मौत से,","We will have to lose to death one day,   "
,"फिलहाल जिंदगी जीना सीख लो।""",For now just learn to live life.
8,अग्निपथ! अग्निपथ! अग्निपथ!,come on! come on! come on!
,"वृक्ष हों भलें खड़े,","Let the trees be beautiful,"
,"हों घने, हों बड़ें,","I'm thick, I'm big,"
,"एक पत्र-छाँह भी माँग मत, माँग मत, माँग मत!","Don't even ask for a letter, don't ask, don't ask!"
,अग्नि पथ! अग्नि पथ! अग्नि पथ!,come on! come on! come on!
,तू न थकेगा कभी!,You will never get tired!
,तू न थमेगा कभी!,You never stop!
,"तू न मुड़ेगा कभी!—कर शपथ, कर शपथ, कर शपथ!","You will never die! - I swear, I swear, I swear!"
,अग्नि पथ! अग्नि पथ! अग्नि पथ!,come on! come on! come on!
,यह महान दृश्य है—,It's a wonderful scene -
,चल रहा मनुष्य है,a walking man
,"अश्रु-स्वेद-रक्त से लथपथ, लथपथ, लथपथ!","With tears, sweat and blood!"
,अग्नि पथ! अग्नि पथ! अग्नि पथ!,come on! come on! come on!.
9,सच पूछो तो शर में ही,"In truth, it trembles inside"
,बसती है दीप्ति विनय की,There lies the glow of modesty
,संधिवचन सम्पूज्य उसीका,Only his peaceful speech is the reputation
,जिसमे शक्ति विजय की,Who is able to win
,"सहनशीलता, क्षमा, दया को","Tolerance, forgiveness and mercy "
,तभी पूजता जग है,The world will honor them
,बल का दर्प चमकता उसके,Only when the glow of power
,पीछे जब जगमग है,Behind them opens.
10,मिली हवाओं में उड़ने की वो सज़ा यारो,"Got that discipline of flying within the wind, companions."
,कि मैं ज़मीन के रिश्तों से कट गया यारो,"That I am cut off from natural connections, companions."
,वो बे-ख़याल मुसाफ़िर में रास्ता यारो,"That careless traveler on the way, companion"
,कहाँ था बस में मिरे उस को रोकना यारो,Where was that transport halt my companion?
,मिरे क़लम पे ज़माने की गर्द ऐसी थी,Such was the clean of time on my write.
,कि अपने बारे में कुछ भी न लिख सका यारो,"That I couldn't compose anything about myself, companions."
,तमाम शहर ही जिस की तलाश में गुम था,The full city was misplaced in look of
,मैं उस के घर का पता किस से पूछता यारो,Whom ought to I ask for the address of his house?
,जो बे-शुमार दिलों की नज़र में रहता था,Who lived within the eyes of incalculable hearts
,वो अपने बच्चों को इक घर न दे सका यारो,"He couldn't donate his children a house, companions!"
,जनाब-ए-'मीर' की ख़ुद-ग़र्ज़ियों के सदक़े में,In charity of Janab-e-'Mir's claim assets
,मियाँ 'वसीम' के कहने को क्या बचा यारो,"What's cleared out for Mian 'Wasim' to say, companions?"
11,तोड़ो तोड़ो तोड़ो,break break break
,ये पत्थर ये चट्टानें,these stones these rocks
,ये झूठे बंधन टूटें,break these wrong bonds
,तो धरती को हम जानें,so let us know the soil
,सुनते हैं मिट्टी में रस है जिससे उगती दूब है,We listen that there's juice within the soil from which grass develops.
,अपने मन के मैदानों पर व्यापी कैसी ऊब है,What kind of boredom is spreading over the fields of your intellect
,आधे आधे गाने,half half melodies
,तोड़ो तोड़ो तोड़ो,break break break
,ये ऊसर बंजर तोड़ो,break this fruitless no man's land
,ये चरती परती तोड़ो,break this touching neglected
,सब खेत बनाकर छोड़ो,take off all the farms behind
,मिट्टी में रस होगा ही जब वह पोसेगी बीज को,There will be juice within the soil as it were when it feeds the seeds.
,हम इसको क्या कर डालें इस अपने मन की खीज को?,What ought to we do with this outrage in our intellect?
,गोड़ो गोड़ो गोड़ो,Godo Godo Godo
12,"वे मुस्कुराते फूल, नहीं","Those grinning blooms, not"
,जिनको आता है मुर्झाना,Know they how to wither
,"वे तारों के गहरे, नहीं","Those stars like lights, not"
,जिनको भाता है बुझ जाना,Like they to blur absent
,"वे नीलम से मेघ, नहीं","Those sapphire clouds, not"
,जिनको है घुल जाने की चाह,Needing to accelerate
,"वे अनंत ऋतुराज, नहीं","That unending spring, not"
,जिसने देखी जाने की राह,Taking the exit path
,"वे सूने से नयन, नहीं","Those forlorn eyes, not"
,जिनको बांटे आंसुओं मोती,Making pearls out of tears
,"वो प्राणों की सेज, नहीं","That bed of life, not"
,जिसमें बेसुध पीड़ा सोती,Rested on by obscure torment
,"ऐसा तेरा लोक, वेदना नहीं,","Typically Your world, no distress,"
,नहीं जिसका अवसाद,No despairing doth stay
,"जलना जाना नहीं,",One hasn't learnt how to burn
,नहीं जिसने जाना मिटने का स्वाद!,Till one hasn't tasted the delight of being devastated!
,क्या अमरों का लोक मिलेगा,Will I pick up the staying of immortals
,तेरी करुणा का उपहार?,As a remunerate of your benevolence?
,रहने दो हे देव! अरे,Let it be Master! Gracious
13,दिन जल्दी-जल्दी ढलता है,The day passes quickly
,दिन जल्दी-जल्दी ढलता है,The day passes quickly!
,"हो जाय न पथ में रात कहीं,","Let it be night somewhere on the way,"
,मंज़िल भी तो है दूर नहीं,The destination is not far
,यह सोच थका दिन का पंथी भी जल्दी-जल्दी चलता है!,This thought makes even a tired day walker walk quickly!
,दिन जल्दी-जल्दी ढलता है!,The day passes quickly!
,"बच्चे प्रत्याशा में होंगे,","The children will be in anticipation,"
,नीड़ों से झाँक रहे होंगॆ,must be peeping from the nest
, यह ध्यान परों में चिड़ियों के भरता कितनी चंचलता है!,This meditation fills the birds' wings with so much playfulness!
,दिन जल्दी-जल्दी ढलता है!,The day passes quickly!
,मुझसे मिलने को कौन विकल?,Who wants to meet me?
,मैं होऊँ किसके हित चंचल?,In whose interest should I be?
,"यह प्रश्न शिथिल करता पद को, भरता उर में विह्वलता है!",This question weakens the mind and fills the heart with bewilderment!
,दिन जल्दी-जल्दी ढलता है!,The day passes quickly!
14,"""आशा का संदेश""","""A Message of Hope"""
,"उठो, जागो और ध्येय तक पहुँचने तक मत रुको,","Arise, awake, and stop not till the goal is reached,"
,"आशा के दीप जलाओ, अंधकार को दूर करो।","Light the lamp of hope, dispel the darkness within."
,"जीवन की हर बाधा को चुनौती दो,","Face every obstacle in life with courage,"
,"संघर्ष ही तुम्हें महान बनाएगा, यह याद रखो।","Remember, struggle will make you great."
,"दृढ़ निश्चय और आत्मविश्वास को अपना साथी बनाओ,","Make determination and self-confidence your companions,"
,"हर कठिनाई को पार कर, सफलता को गले लगाओ।","Overcome every difficulty, embrace success."
,"समर्पण और मेहनत से, हर सपना साकार करो,","With dedication and hard work, realize every dream,"
,"स्वयं पर विश्वास रखो, और ऊँचाइयों को पार करो।",Believe in yourself and cross all heights.
,"जोश और जूनून से, अपने पथ पर आगे बढ़ो,","Move forward on your path with passion and zeal,"
,"हर पल को जियो, हर क्षण को अमूल्य मानो।","Live every moment, consider each second precious."
,"स्वयं को पहचानो, अपनी शक्ति को जानो,","Recognize yourself, know your strength,"
,"सफलता तुम्हारी होगी, यह बात मानो।","Success will be yours, believe this."
,"उठो, जागो और ध्येय तक पहुँचने तक मत रुको,","Arise, awake, and stop not till the goal is reached,"
,"आशा के दीप जलाओ, अंधकार को दूर करो।","Light the lamp of hope, dispel the darkness within."
,"जीवन की हर बाधा को चुनौती दो,","Face every obstacle in life with courage,"
,"संघर्ष ही तुम्हें महान बनाएगा, यह याद रखो।","Remember, struggle will make you great."
15,"कोई दीवाना कहता है, कोई पागल समझता है !","someone calls me lover, someone calls me mad"
,मगर धरती की बेचैनी को बस बादल समझता है !!,but the restlessness of ground only cloud will understand
,"मैं तुझसे दूर कैसा हूँ, तू मुझसे दूर कैसी है !","how i am far away from you, how you far away from me"
,ये तेरा दिल समझता है या मेरा दिल समझता है !!,that your heart understands or my heart understands 
,मोहब्बत एक अहसासों की पावन सी कहानी है !,love is a fruitful story of feelings
,कभी कबिरा दीवाना था कभी मीरा दीवानी है !!,"sometime kabir was lover, sometime meera was mad"
,"यहाँ सब लोग कहते हैं, मेरी आंखों में आँसू हैं !",here everyone says i have tears in my eyes
,"जो तू समझे तो मोती है, जो ना समझे तो पानी है !!","if you understand then its a pearl, if you don't understand then its a water"
16,"चलता जा तू चलता जा,",go on you go on
,"मंज़िल नही तू किसी की,",yor are not someones destination
,"सफर है तू सबका,",you are the journey of everyone
,राही तू बस चलता जा।,traveler you just go on
,"रिश्तों की परवाह कर,",don't worry about realtions
,पर रिश्तों की कमजोरी मत बन।,but don't  become weakness of relations
,"पन्नों पर जो धूल पड़ी,",that dust which is lay down on pages
,"उसको तू हटाते जा,",you keep removing it
,"राही तू बस चलता जा।",traveler you just go on
,"सूरज भी अंधेरो में खोता है,",even the sun lost in darkness
,अंधेरी रात के बाद ही सवेरा होता है।,after the dark night morning comes
,"एक तुही नही जो अकेला होता है,",you are't only one who is alone
,मेरे साथी यहाँ हर कोई अकेला रोता है।, my partner here everyone is crying alone 
17,आँगन में लिए चाँद के टुकड़े को खड़ीं,"Standing in the courtyard she is holding a piece of moon,"
,हाथों पे झुलाती है उसे गोद-भरी,"with her hands she swings him,"
,रह-रह के हवा में जो लोका देती है,"slowly swings him in the air,"
,गूंज उठती है खिलखिलाते बच्चे की हँसी।,then echoes the laugh of a child.
,नहला के छलके-छलके निर्मल जल से,"Bathing him with pure and clean water,"
,उलझे हुए गेसुओं में कंघी,"she combs the hair,"
,किस प्यार से देखता हैं बच्चा मुँह को,"and how lovingly the child gazes at her face,"
,करके जब घुटनियों में लेके हैं पिन्हाती कपड़े।,when she dresses him with love.
,दीवाली की शाम घर पुते और सजे,"On the night of Diwali, houses are decorated and painted,"
,चीनी के खिलौने जगमगाते लावे,"there are some toys made of sugar,"
,वो रूपवती मुखड़े पै इक नर्म दमक,"she, the beautiful mother has a glow on her face,"
,बच्चे के घरौंदे में जलाती हैं दिए।,and she is lighting diya in her son's playhouse.
,आँगन में ठुनक रहा है जिदयाय है,"Throwing tantrums in the courtyard,"
,बालक तो हई चाँद पै ललचाया है,"child wants the moon as a toy,"
,दर्पण उसे देके कह रही हैं माँ,"by giving him the mirror she says,"
,देख आईने में चाँद उतर आया है,look the moon has came down in mirror.
18,"सफेद रंग, शुद्धता का प्रतीक,","White color, symbol of purity,"
,"शांति का सागर, मन को राहत।","Ocean of peace, soothes the mind."
,"बर्फ की चादर, कोमल स्पर्श","Sheet of snow, gentle touch,"
,"पवित्रता का वास, दिल को मंत्रमुग्ध।","Dwelling place of holiness, mesmerizes the heart"
,"सफेद कबूतर, आशा का संदेश,","White dove, message of hope"
,"सफेद फूल, खुशियों का बगीचा।","White flower, garden of happiness"
,"सफेद बादल, वर्षा की उम्मीद,","White clouds, hope of rain"
,"सफेद बादल, वर्षा की उम्मीद,","White world, desire for purity"
19,माधव,Madhava
,तेरे चाँद-समान चेहरे वाले प्रेम ने,Your moon-faced love
,कभी नहीं समझा कि,Had never guessed
,बिछड़ना कितना दुखद होता है।,That parting hurts.
,"राधा पीड़ित है,","Radha is tortured,"
,तू छोड़ देने का डर उसे सता रहा है।,Dreading you will leave.
,"प्रेम ने उससे सारी ताकत छीन ली है,","Love has robbed her of all power,"
,वह ज़मीन को पकड़कर गिरती है।,She sinks clasping the ground.
,"कोयलें पुकारती हैं,","Kokilas call,"
,चकित होकर वह जागती है,"Startled, she wakes"
,फिर से सोच में डूब जाती है।,Only to brood again.
,आँसू मेक-अप को धो डालते हैं,Tears wash the make-up
,"उसकी बाहें पतली हो जाती हैं,","Her arms grow thin,"
,उसकी चूड़ियाँ ज़मीन पर गिर जाती हैं।,Her bracelets slide to the ground.
,राधा का सिर दुख में झुक जाता है।,Radha's head droops in grief.
,"उसकी उँगलियाँ ज़मीन को खरोचती हैं,",Her fingers scar the earth
,तेरा नाम बहाते हुए।,Bleeding your name.
20,गीत नया गाता हूँ,I sing a new song
,टूटे हुए तारों से फूटे बासंती स्वर,Spring sounds bursts from broken strings
,पत्थर की छाती मे उग आया नव अंकुर,a new sprout grew in the chest of stone
,झरे सब पीले पात,all old leaves fell off
,कोयल की कुहुक रात,in the cuckoo night
,प्राची मे अरुणिम की रेख देख पता हूँ,I know by looking at the glow in old days
,गीत नया गाता हूँ,I sing new song
,टूटे हुए सपनों की कौन सुने सिसकी,Who will listen to the sobs of broken dreams
,अन्तर की चीर व्यथा पलको पर ठिठकी,the imense pain of the gap rested on the eyelids
,"हार नहीं मानूँगा,",I will not giive up
,"रार नई ठानूँगा,",I will make new decisions
,काल के कपाल पे लिखता मिटाता हूँ,I will earse what I write on the skull of time
,गीत नया गाता हूँ,I sing new song
21,तुम मुझको अब भूल जाओ जाना,please forget me my love
,यकीनन अब मुझमें बहुत ऐब आ चुके हैं,as I had a lot of bad habits now
,जो पल हमने साथ गुज़ारे थे,moments we spend together
,वो यादों से अब दूर जा चुके ,those going to be vanishes from my memory
,कहता था जो तू मुझसे वो बस दोस्त है मेरा,you used to say that he is just my friend
,क्या अब वो तेरे और करीब आ चुके हैं?,they are to be more closer to you?
,इस कातिब ऐ तक़दीर को जो भी मंजूर हो,whatever this destiny allows to
,खैर अब हम दूर जा चुके हैं,we already gone so far over
,तेरी यादें मेरे बदन से जुदा हो रही है,your memories are to be sepearating from my body
,ज़ाहिर है अब हम मरने के करीब आ चुके है,obvious now we are close to dying
22,जीवन एक सफर है सुहाना,"Life is a beautiful journey,"
,हर दिन नई राह दिखाना।,Every day shows a new path.
,"सपनों को साकार बनाना,","Making dream come true,"
,हर मुश्किल को हंसकर बिताना।,To face every problem with smile.
,"राह में चाहे हो कितनी अड़चनें,","No matter how many obstacles in the way,"
,हौसलों से जीत दिखाना।,To show victory with courage.
23,"सुबह का सूरज उगने लगा,",The morning sun begins to rise
,आसमान में रंग बिखेर रहा।,Painting colors un the skies
,"नई उम्मीदों के साथ नया दिन आया,",A new day with hopes a new
,नीले आसमान के नीचे जग जगमगाया।,The world wakes up to skies so blue
24,"जब काम करो तब काम करो,",work while you work
,"जब खेलो तब खेलो, यही खुश रहने का तरीका है ",play while you play that is the way to be happy and gay 
,और जो कुछ भी तुम करते हो वह आनंदपूर्ण है। ,all that you do . 
,"अपनी शक्ति से करो,",do with your might
,"आधे-अधूरे काम कभी भी सही नहीं होते,", things done by halves  are never done right
,एक समय में एक काम करो और जो अच्छा हो , one thing at a tim
,"वह बहुत अच्छा नियम है,",and that done well.is
,जैसा कि बहुत से लोग कह सकते हैं।, a very good rule as many can tell
25,"सूरज निकला मिटा अंधेरा,",The sun came and the darkness has gone
,देखो बच्चो हुआ सवेरा ।,see kids morning starts
,"आया मीठी हवा का फेरा,",came sweet air blowing
,चिड़िया ने फिर छोड़ा बसेरा ।,the birds again left their house
,"जागो बच्चो अब मत सोओ,",wake up kids don't sleep now
,इतना सुन्दर समय ना खोओ ।,don't waste this beautiful time
26,"यहाँ सब कुछ बिकता है ,",here everything got sold
,दोस्त रहना जरा संभल कर।,friend stay a little careful
,"बेचने वाले हवा भी बेच देते हैं,",seller can even sale air
,ग़ुब्बारो में डाल कर।,by filling it in balloons
,"सच बिकता है, झूठ बिकता है,","truth got sold, lie got sold"
,बिकती है हर कहानी।,every story got sold
,"तीन लोक में फैला है, ",it is spread in three worlds
,फिर भी बिकता है बोतल में पानी।,but still water is sold in bottle
,"कभी फूलों की तरह मत जीना, ",do not live like flowers
,जिस दिन खिलोगे टूट कर बिखर जाओगे।,"whenever you will grow, you will break and spread in the pieces"
,"जीना है तो पत्थर की तरह जीयो,","if you want to live, live like a stone"
,"जिस दिन तराशे गये, ख़ुदा बन जाओगे।","whenever you will carve out, you will be the god"
27,"जीवन का सफर, एक अनोखा खेल,","Life's journey, a unique game,"
,"हर कदम पर है, रोमांच का मेल।","At every step, adventure's flame."
,"अनजानी राहें, अनजाने मोड़,","Unknown paths, unexpected turns,"
,"हर दिशा में छुपा, एक नया सोड़।","In every direction, new stories churn."
,"कभी पर्वतों की ऊँचाई,","Climbing mountains high and tall,"
,कभी सागर की गहराई।,Diving deep where oceans call.
,"हर पल में छुपा, एक नया रहस्य,","In every moment, a mystery unfolds,"
,"जीवन की कहानी, अनगिनत प्रसंग।","Life's saga, countless stories told."
,"बाधाओं का सामना, साहस की ढाल,","Facing obstacles with courage as shield,"
,"हर चुनौती में, जीत का संचार।","In every challenge, victory revealed."
,"ख़्वाबों की उड़ान, हिम्मत का साथ,","Dreams take flight, courage stands strong,"
,"जीवन का सफर, रोमांच की बात।","Life's journey, an adventurous song."
,"चलते रहो तुम, न रुको कभी,","Keep moving forward, never cease,"
,"जीवन का हर पल, एक नई जमीं।","Every moment in life, a new lease."
,"साहस से भरो, सपनों की उड़ान,","Fill your dreams with courage's might,"
,"जीवन के इस सफर में, पाओगे पहचान।","In life's adventure, find your light."
28,"जीवन की धारा, बहती निरंतर,","Life's stream flows continuously,"
,"हर पल में छुपा, एक नया अंतर।",Every moment holds a new mystery.
,"सपनों की बगिया, उम्मीद का रंग,","A garden of dreams, colored with hope,"
,"जीवन का हर क्षण, एक मधुर संग।","Every moment of life, a sweet elope."
,"अनजानी राहों में, ढूंढ़ते मंज़िल,","In unknown paths, seeking the goal,"
,"हर कठिनाई में, मिलती है तरकीब।","In every difficulty, finding a role."
,"कभी धूप, कभी छांव, यह सफर,","Sometimes sunlight, sometimes shade,"
,"हर रंग में बसी, जीवन की उमंग।","In every hue, life's joy is displayed."
,"हिम्मत से बढ़ते, हर कदम साथ,","With courage, every step we take,"
,"जीवन का यह खेल, रोमांच की बात।",Life's game is an adventure we make.
,"समझो हर पल, जीयो हर दिन,","Embrace each moment, live every day,"
,"जीवन की कहानी, है अपने सांचे में गढ़नी।",Life's story is ours to portray.
,"उड़ान भरो, ऊंचाई छू लो,","Soar high, reach the sky,"
,"जीवन के इस सफर में, खुद को पा लो।","In life's journey, find your why."
29,कौन हू मै,Who Am I
,कभी लगता है शोर हू मैं ,"Sometimes I feel I'm a noise,"
,कभी लगता है मौन हू मैं ,"Sometimes I feel I'm silence,"
,ये समझ नही आ रहा,"I can't seem to understand,"
,आखिर कौन हू मैं...,"Who am I, in the end..."
,कभी लगता है मुस्कुराहट हू मैं,"Sometimes I feel I'm a smile,"
,कभी लगता है घबराहट हू मैं ,"Sometimes I feel I'm anxiety,"
,खुद को रोज तलाशू,"Searching for myself daily,"
,आखिर कौन हू मैं...,"Who am I, in the end..."
,कभी लगता है मंजिल को पाने की राह हू,"Sometimes I feel I'm on the path to my destination,"
,मै कभी लगता है आसमान को छूने की चाह हू,"Sometimes I feel I yearn to touch the sky,"
,मैं जिंदगी के  सफर में ये नही समझ आ रहा,"In this journey of life, I can't seem to understand,"
,आखिर कौन हू मैं...,"Who am I, in the end..."
30,"मन में दुविधा, मन में युद्ध है,","In the mind, confusion, in the mind, a war,"
,"मन खुद के ही विरूद्ध है,","The mind is against itself,"
,ये मन की कैसी रीत ?,What kind of state is this of the mind?
,"सारा कुरूक्षेत्र सामने पड़ा,","The entire Kurukshetra lies ahead,"
,"जीत सके तो जीत,","If you can win, then win,"
,"यहां तू ही कृष्ण, तू ही पार्थ है","Here, you are both Krishna and Arjuna,"
,"तुझे खुद ही समझना, क्या यथार्थ है..","You must understand yourself, what is the reality..."
31,तट पर बैठे बैठे तेरे...... ,"Sitting on the shore,"
,हाथ कहां कुछ आयेगा।,How will you grasp anything?
,रत्न मिलेंगे तुझको ,"You’ll going to find gems,"
,जब सागर के तह मे जायेगा।।, after Going to the ocean’s extremity.
,कुछ ना आये हाथ......... ,"And if you don’t grasp anything, "
,समझना डुबकी अभी अधूरी है।,Assume the dive is still incomplete.
,चाहे जितना भी मुश्किल हो ,"No matter how difficult it may be,"
,पहला कदम जरूरी है।,First step is necessary
32,"हरी-भरी धरती, नीला आसमान,","Green earth, blue sky"
,"फूलों की महक, है अद्भुत ये जहान।","The fragrance of flowers, this world is marvelous."
,"नदी की कलकल, पंछियों की चहचहाहट,","The babbling of the river, the chirping of birds,"
,"प्रकृति के संग चलते, हर पल की मिठास।","Walking with nature, every moment is sweet."
,"चमकते हैं तारे, चाँद की चाँदनी,","The stars twinkle, the moonlight shines,"
,"सुनहरे सपनों की, सजती है कहानी।",A story of golden dreams unfolds.
,"पेड़ों की छांव, ठंडी-सी बयार,","The shade of trees, the cool breeze,"
,"प्रकृति के आगोश में, मिटता हर विकार।","In nature's embrace, every flaw fades away."
,"चलो खो जाएं, इस हसीन नज़ारे में,","Let's get lost in this beautiful view,"
,"प्रकृति के संग-साथ, जीवन बिताएं प्यारे में।","With nature by our side, let's live a lovely life."
33,लहरों से डर कर नौका पार नहीं होती,The boat will never get through if you fear the waves
,कोशिश करने वालों की हार नहीं होती,Those who try never fail
,नन्हीं चींटी जब दाना लेकर चलती है,When little ant walks carrying the grains 
,"चढ़ती दीवारों पर, सौ बार फिसलती है",Slips hundred  times while climbing walls
,मन का विश्वास रगों में साहस भरता है,Faith in the heart fills the veins with courage
,"चढ़कर गिरना, गिरकर चढ़ना न अखरता है","It is not difficult to climb and fall, nor is it difficult to climb after falling."
,आख़िर उसकी मेहनत बेकार नहीं होती,At last the hardwork is not in vain
,कोशिश करने वालों की हार नहीं होती,Those who try never fail
34,हिंदी हमारी आन है हिंदी हमारी शान है,"Hindi is our prestige, hindi is our pride"
,हिंदी हमारी चेतना वाणी का शुभ वरदान है।,Hindi is boon to our conscious speech
,हिंदी हमारी वर्तनी हिंदी हमारा व्याकरण,Hindin is our spelling hinsi is our grammer 
,हिंदी हमारी संस्कृति हिंदी हमारा आचरण,Hindi is culture Hindi is our character
,हिंदी हमारी वेदना हिंदी हमारा गान है।,Hindi is our pain Hindi is our song
,हिंदी हमारी चेतना वाणी का शुभ वरदान है।,Hindi is our conscious blessing of speaking 
,हिंदी हमारी आत्मा है भावना का साज़ है।,"HIndi is our soul, instrument of emotion "
,हिंदी हमारे देश की हर तोतली आवाज़ है।,Hindi is our nations voice of each stammers 
35,"तेरे प्रेम की छतरी लगा कर,","Beneath the umbrella of your cherish,"
,"गमों की बारिश में, दूर तक निकले","Within the rain of distress, went far away"
,"बहुत सराबोर हुए तब जाना,","Go once you are exceptionally splashed,"
,कई छेद थे इसमें,there were numerous gaps in it
,"अनदेखे, अनजाने ||","Inconspicuous, obscure ||"
36,"मदिरालय जाने को घर से चलता है पीनेवला,","The drinker sets out from home to go to the tavern,"
,"किस पथ से जाऊँ?' असमंजस में है वह भोलाभाला,","""Which path should I take?"" he wonders in his innocence."
,अलग-अलग पथ बतलाते सब पर मैं यह बतलाता हूँ -,"Everyone suggests different routes, but I say this to him -"
,"राह पकड़ तू एक चला चल, पा जाएगा मधुशाला।","""Choose one path and keep walking, you will find the tavern."""
37,“प्रेम नहीं है कोई,"""Love is not something"
,"एक ऐसा बाज़ार, जहाँ भावनाओं का मोल लगे",like a marketplace where emotions are bought and sold.
,प्रेम नहीं है कोई,Love is not a custom
,"एक ऐसा रिवाज़, जिसमें मन केवल पीड़ित रहे",in which the heart remains only in pain.
,प्रेम नहीं है कोई,Love is not a hope
,ऐसी आशा जो जन्म देती हो निराशाओं को,that gives birth to disappointments.
,प्रेम तो है वो अविरल धारा,Love is that unbroken stream
,जो पवित्र कर दे अभिलाषाओं को…” ,"which purifies desires..."""
38,"मन के हारे हार सदा रे, मन के जीते जीत","The vanquished in the mind is always vanquished, vanquished in the mind always wins,"
,"मत निराश हो यों, तू उठ, ओ मेरे मन के मीत!","Don't despair, get up, my friend of the mind!"
,"माना पथिक अकेला तू, पथ भी तेरा अनजान,","Even if you are a lonely traveler and your path is unknown,"
,और जिन्दगी भर चलना इस तरह नहीं आसान।,And walking that path is not easy.
,"पर चलने वालों को इसकी नहीं तनिक परवाह,","But those who walk do not care at all about this,"
,बन जाती है साथी उनकी स्वयं अपरिचित राह।,the unknown road itself becomes their companion.
,"दिशा दिशा बनती अनुकूल, भले कितनी विपरबीत।","Directions become favorable, however negative they may be."
,"मन के हारे हार सदा रे, मन के जीते जीत॥","Losers in the mind always lose, winners in the mind always win."
,"तोड़ पर्वतों को, चट्टानों को सरिता की धार","Breaks the mountains, through the rocks, the flow of the river"
,"बहती मैदानों में, करती धरती का शृंगार।","Moves to the fields, beautifying the earth."
,"रुकती पल भर भी न, विफल बाँधों के हुए प्रयास,","It will not stop for a moment, it will not stop,"
,क्योंकि स्वयं पथ निर्मित करने का उसमें विश्वास।,Because it believes in making its own way.
,लहर लहर से उठता हर क्षण जीवन का संगीत,"Every wave rises with the music of life every moment,"
,"मन के हारे हार सदा रे, मन के जीते जीत॥","Those defeated in mind will always be defeated, victors in mind will always win.."
39,"सान्ध्य गगन की छाया जल पर फैली हलकी हलकी,","The shadow of the evening sky spread lightly on the water,"
,बीते की चित्रित सुधि ज्यों मेरे मानस में झलकी!,As if the painted memories of the past were reflected in my mind!
,"यह पावस की साँझ, गगन नारंगी, भू हरियाली—","This dewy evening, the sky orange, the earth green—"
,ऐसे में क्यों मुझे याद आयेगी बीते कल की!,"In such a situation, why would I remember yesterday?"
40,"रात का अंधेरा जब छा जाता है,","When the darkness of night spreads,"
,नींद की चादर हमें घेर लेती है।,The blanket of sleep wraps around us.
,"दिल के कोने में छुपे सपने,","Dreams hidden in the corners of our hearts,"
,अपनी दुनिया में हमें ले जाते हैं।,Take us to their own world.
,"आसमान में तारे झिलमिलाते हैं,","Stars twinkle in the sky,"
,हमारी उम्मीदें आसमां छू जाती हैं।,Our hopes touch the heavens.
,"हर एक सपना एक नया रंग लाता है,","Every dream brings a new color,"
,जिंदगी के कैनवास को सजाता है।,Adorning the canvas of life.
,"कभी हंसते, कभी रोते हैं हम,","Sometimes we laugh, sometimes we cry,"
,सपनों के संग-संग चलते हैं।,We walk along with the dreams.
,"मन की उड़ान में खो जाते हैं हम,","We lose ourselves in the flight of the mind,"
,सपनों की दुनिया में बसते हैं।,Dwelling in the world of dreams.
41,आसमान में इस आधे-अधूरे चाँद के साथ,With the coming of half-made moon in the sky
,दिल के दर-ओ-दीवार में दर्द उतर आया हैं।,Pain has invaded each wall and corner of my heart.
,ज़िन्दगी की इस दरहम – बरहम महफ़िल में,In the helter-skelter gathering of life
,गर्दिश-ए-आफत में,In the movements of adversities and calamities
,बेवफ़ाई-हा-ए-याराँ में,In the inconstancies of beloved
,मेरा चैन कहीं खो गया हैं।,my peace has been lost somewhere.
,इन रंजिशों के शोर में,In the noises of sorrows and grief
,तेरी गुलाबी चूड़ियों का,the song of your tinkling rosy bangles
,रात की तेरी लोरियों का,the song of your night time lullabies
,संगीत कही खो गया हैं।,has been lost somewhere.
,"आज रात फिर तेरी यादों का भवर, माँ","Again tonight, an eddy of your memories, mother"
,मेरे इन आँसुओ में उतर आया है।,whirls through my tears.
42,आज रात मेरी यह ख़ामोशी उसे सुना देना,Let him hear my silence tonight
,कुछ ना सुने तो आंसू से फैली श्याही दिखा देना,Show these tear-stained pages if he will not hear
,मैं तो घायल हू दी गई उसकी खता से,"He is the cause of this, my plight"
,तुम जुर्म इ-मोहब्बत के कुछ फ़साने सुना देना,Sing of this cursed love into his ear
,आज रात मेरी यह ख़ामोशी उसे सुना देना।,Let him hear my silence tonight.
,आज रात मेरी यह ख़ामोशी उसे सुना देना,O let him hear my silence tonight
,लगी हो अगर उसके भी दिल में आग,"And if he too burns as I do, here"
,तुम मेरे पुराने खतों से भुजा देना,Use my love letters to smother the fire bright
,ख़त अब जो ना लिख सके उसे अल्विदा का,"I couldn’t say, “Goodbye, may your future be fair”"
,तुम इन सिसकियों का गीत सुना देना,"Sing him of sorrow, of the tear stained night"
,आज रात मेरी यह ख़ामोशी उसे सुना देना।,"Oh, let him just hear my silence tonight!"
43,"चाँदनी रात में चमकता तारा,","Star shines in moonlight night in,"
,"रात की ख़ामोशी, दिल को भाता प्यारा।","Silence of night , pleases dear to heart."
,"फूलों की खुशबू, हवा में तैरती,","Fragrance of flowers, floating in air,"
,"सपनों की दुनिया, आँखों में खेलती।","Dreams' world, playing in eyes."
,"हर तारा, एक कहानी सुनाता,","Every star, tells a story,"
,"चाँद के संग, प्रेम का गीत गाता।","With moon, sings the love songs."
44,हम पंछी उन्मुक्त गगन के,"We are birds of the sky,"
,पिंजरबिद्ध न गा पाऍंगे,we cannot sing in a cage.
,कनक-तीले से ब्लॉककर,"When golden bars collide,"
,पुलकित पंख टूट जाएंगे।,our delicate feathers are broken.
,हम बहता है जल पीनेवाले,We drink running water. 
,मर जायेंगे लिटरेचर-प्यासे,We are dying of hunger and thirst. 
,कहीं भली है कटुक निबोरी,Better to be bitter marjoram 
,कनक-कटोरी की मैदा से।,than a bowl of gold.
,स्वर्ण-श्रृंखला के बंधन में,"Living in slavery to these golden chains, "
,"अपनी गति, उड़ान सब भूले",we forgot our speed and flight. 
,बस सपने में देख रहे हैं,Now we only dream of 
,तारो की फुनगी पर के झूले।,swinging on the branches of saplings.
,ऐसे थे अरमान की उड़ते,We wanted to fly 
,नील गगन की सीमा पाए,across the border of the blue sky 
,लाल किरण-सी चोंच खोल,and open our young beaks 
,चुगते तारक-अनार के दानें।,to suck the bright red pomegranate seeds.
,संबंधित सीमा क्षितिज से,"At the horizon of the limitless, "
,इन गुफाओं की होड़ा-होड़ी,our wings would have won. 
,या तो क्षितिज मिलन बन जाती है,Either we touched the horizon 
,या तांती सन्सों की डोरी।,or we were out of breath.
,"नीड़ न दो, चादर ताहनी का",Do not offer a nest and even tree branches
,आश्रय छिन्न-भिन्न कर डालो,can be destroyed.
,लेकिन पन्ने नीचे हैं तो,"But when we have given wings,"
,आकुल उड़ान में विघ्न न डालो।,do not hinder our free flight..
45,"विश्व की पुकार है, ये भागवत का सार है","This is the call of the world, this is essence of Bhagwat "
,कि युद्ध ही तो वीर का प्रमाण है,That war is the proof of bravery
,जो लड़ सका है वही तो महान है,"who can fight ,obviously he is great"
,"हित-वचन नहीं तूने माना,","You does not accpect good promise,"
,"मैत्री का मूल्य न पहचाना,","why you not reconize the value of friendship,"
,"तो ले, मैं भी अब जाता हूँ,","see, i will leave now"
,अन्तिम संकल्प सुनाता हूँ,"listen my last resolution,"
,"याचना नहीं, अब रण होगा,","no pleading,it time of war"
,जीवन-जय या कि मरण होगा,life will be victory or death.
46,पृथ्वी कहती धैर्य न छोड़ो,"The earth says don't lose patience,"
,"कितना ही हो सिर पर भार,","no matter how heavy the burden is on your head,"
,नभ कहता है फैलो इतना,the sky says spread so much
,ढक लो तुम सारा संसार!,that you cover the whole world.
47,"हरी हरी खेतों में बरस रही है बूंदे,","In the green fields, the raindrops are falling,"
,"खुशी खुशी से आया है सावन,","With joy, the monsoon has arrived,"
,भर गया खुशियों से मेरा आंगन।,My courtyard is filled with happiness.
,"ऐसा लग रहा है जैसे मन की कलियां खिल गई,","It feels as if the buds of my heart have blossomed,"
,"ऐसा आया है बसंत,","Spring has come like this,"
,लेकर फूलों की महक का जशन।,Bringing the celebration of the fragrance of flowers.
48,"बचपन के वो दिन थे सुहाने,","Those childhood days were wonderful,"
,खेलते थे हम सारे दीवाने।,We played without any worry.
,"माँ की ममता, पिता का प्यार","Mother's love and father's care,"
,सपनों का था संसार विशाल।,Made our dreams big and bright.
,"दोस्तों संग हँसी-खुशी के पल,","Happy times with friends,"
,वो यादें आज भी करती हैं छल।,Those memories still make us smile.
,"सादगी में थी बसी ख़ुशहाली,","In simple things, we found joy,"
,बचपन की वो बातें अब हैं निराली।,Now those childhood stories are unique.
49,"चाहे धूमिल तू कर मुझको, लिख ऐसा इतिहास",You may write me down in history
,"विकृत और विषपूर्ण छलावे, जिसमे करें वास।","With your bitter, twisted lies,"
,"दबा बोझ से कंधे मेरे, फेंक जुल्मी जाल",You may trod me in the very dirt
,"कुचल जाने पर भी उड़ेगी, ये धूल सी चाल।","But still, like dust, I'll rise."
,"देखो तुम बेबाक मुझे यूँ, औरों के समान",Does my sassiness upset you?
,"पीड़ित है क्यों दिल ये तेरा, अटकी रे क्यूँ जान?",Why are you beset with gloom?
,"व्यथित न हो देख मेरा हर्ष, देख मेरी शान",’Cause I walk like I've got oil wells
,"इतराऊं जैसे घर मेरा, है रतन की खान।",Pumping in my living room.
50,"वृक्ष हों भले खड़े,","The trees may stand tall,"
,"हो घने, हो बड़े,","Be dense and grand,"
,एक पत्र छाह भी,But not a single leaf's shade
,"मांग मत, मांग मत, मांग मत.  ","Ask not, ask not, ask not"
51,अगर तू है मेरे साथ तो हर पल बसंत है,If you are with me then everyo moment is spring
,वरना मेरी पीर का ना कोई भी अंत है,Otherwise there is no end to my pain
,हर बार ये मौसम यही सन्देशा देता है,Every time this season gives me the same message 
,प्रेम के भीतर ही बसा आनंद अनंत है।,Within love joy resides infinite
52,"एक ऊंची लहर आती है,","A big wave comes,"
,"साथ बर्बादी लाती है,","Brings destruction with it,"
,"पीछे तबाही का मंजर छोड़,","Leaves behind the destrutive view,"
,"साथ सबकुछ ले जाती है,","Takes everything with it,"
,"गगन चुम्भी इमारते,",Buildings that touches the sky
,"ये विशाल विशाल पेड़,",These huge trees
,"कल तक मेरे सामने,",Till tomorrow in front of me
,"बनते थे जो शेर,",Acted like a lion
,"हिम्मत उनकी भी हार जाती है,",They also loose courage 
,"जब एक ऊंची लहर आती है,",When a big wave comes
,"चाचा के चाय दूकान का तम्बू उड़ने लगता है,","Uncle's tee shop tent pole starts blowing,"
,"सागर का खारा पानी,",Salty water of the sea
,"जब हिचकोले लेने लगता है,",when it's start to vibrate
,"आसमां को छूती पर्वत श्रृंखलायें भी डर जाती है,","Even the mountains touching the sky gets scared,"
,"जब एक ऊंची लहर आती है,",When a big wave comes
,"मौतों की मौजो पे बैठ,","When he starts to hesitate,"
,"वो सबको गले लगाती है,",It's hugs everyone
,"एक ऊंची लहर आती है,",A big wave comes
,जो सुनामी कहलाती है।,Which is called Tsunami
53,मै यादो की किताब़ खोलू तो,"If I open the book of memories,"
,"क़ुछ हसते गाते चेहरें नज़र आते हैं,",Some smiling singing faces I see
,गौर से देख़ा तो क़ुछ दोस्त पुरानें याद आतें है।,When I see carefully I remember some old friends 
,क़ुछ शहरो के गुलाम हो गये,Some are slave of citys
,तो क़ुछ सपनो के गुलाम हो गयें।,Some are slave of dreams
,यादे और गहरीं हुईं तो,When memorys become deeper
,"गुलाल मे रंगें कुछ चेहरें याद आतें हैं,",I remember some faces painted gulal 
,गौर से देख़ा तो कुछ दोस्त पुरानें याद आतें हैं।,When I see carefully I remember some old friends 
,"धूल को उडते और, ब़ारिश की बूदों को टपक़ते देख़ा तो,",When seeing the dust flying and rain drops falling
,क़ुछ दोस्त पुरानें याद आते हैं।,I recall some old friends
,यादो की किताब़ के कुछ पन्नें पलटे तो,When I turned the pages of book of memories 
,"खट्टें-मीठें बेर और स्कूल कें दिन याद आ गयें ,",I remembered sweet and sour plums and school days.
,क़ुछ दोस्त पुरानें याद आते हैं।,I remember some old friends.